2.016969241441214644e-03,-4.619913935126522021e-03,1.068139129481893157e-01,-2.451870021863281346e-01
1.358982717968882682e-02,-3.136307213537251060e-02,4.708700764569000996e-01,-1.084682678145652224e+00
2.734734018922011997e-02,-6.230011777367150394e-02,2.184624264096631796e-01,-4.767782500197543794e-01
3.356980734572717617e-02,-7.610877981034511186e-02,9.324445504765344062e-02,-2.198479082724953404e-01
3.212119296850819705e-02,-7.410703277875249628e-02,-1.641834627649958467e-01,3.098307857717332858e-01
6.578925708080671578e-03,-1.498535542619500692e-02,3.198112172276698639e-01,-7.387368174926097764e-01
1.010276802233713370e-02,-2.233494675122544432e-02,-1.415621433975695342e-01,3.533546693479607814e-01
2.455062202915717431e-02,-5.604932735276396683e-02,8.598707894041496269e-01,-2.007917609631258760e+00
6.166873488391558245e-02,-1.413389268450943037e-01,9.919927459742903242e-01,-2.250042545396664373e+00
-4.883461432066671035e-03,1.211681236868538195e-02,-2.560496436891445682e-01,5.952660647896428348e-01
2.936833816651612025e-03,-6.778479814739548845e-03,6.438163320051828453e-01,-1.512429937707409078e+00
1.686699806777149785e-02,-3.814641252691990114e-02,5.577351991583295865e-02,-8.364460875265700146e-02
2.089418828854740923e-02,-4.630784926606292679e-02,1.452538093786868711e-01,-3.221777658622920759e-01
4.240726147496708121e-02,-9.626491457368284432e-02,9.255762793161969038e-01,-2.147965203254642574e+00
4.186623107421404144e-02,-9.497511065053246271e-02,-9.391082481593366893e-01,2.122762708305064638e+00
2.579640108393924797e-02,-5.932184437975433072e-02,1.267335809090144538e+00,-2.949500461430244247e+00
3.548660999189129361e-02,-7.947047782425509244e-02,-7.723959949427386951e-01,1.858699650978802076e+00
1.190069704556544206e-02,-2.567066681631477443e-02,-4.105036647656752913e-01,8.609868566876461848e-01
2.437857518504950305e-02,-5.927141281853370858e-02,1.026423644092270049e+00,-2.485883033629650907e+00
2.109565801295505347e-02,-5.025725722484863933e-02,1.067461160698010003e+00,-2.477719998816449110e+00
2.291461328176131601e-02,-5.208334469341689699e-02,-9.671927483738044229e-01,2.310241415250597008e+00
1.674091142574105073e-02,-3.889149496471992762e-02,6.501542409849141446e-01,-1.583885909205990483e+00
1.379611561109033574e-02,-3.411285769836563952e-02,-7.902685873839436770e-01,1.767651651218969722e+00
2.672939146205383087e-02,-6.863555786012934257e-02,1.423664967883004895e+00,-3.402551371750192732e+00
2.845986291297895182e-02,-6.605090235614602401e-02,1.401990051345820776e+00,-3.260103808324156027e+00
3.369401321776703540e-02,-7.548363774584349040e-02,-1.127310838719648878e+00,2.687030248851611347e+00
1.627872842800380526e-02,-3.656625534508289865e-02,2.479192484743365510e-01,-6.739432063207422274e-01
1.728746643376657954e-02,-4.293454318034251038e-02,-1.950402092398102472e-01,3.366900893612722045e-01
2.247501832628993890e-02,-5.353742686626078440e-02,1.138306228957917554e+00,-2.638353886200225595e+00
2.596083080299738111e-02,-5.895240123134626309e-02,-9.542867726730801525e-01,2.288203847632399146e+00
1.678915639140274307e-02,-3.853464072326719114e-02,4.879427629012635381e-01,-1.205196395000640353e+00
1.962581552475575752e-02,-4.747572736530925042e-02,-3.416382480527735410e-01,7.234018174314847949e-01
4.335778214929794649e-03,-1.652262586284142243e-02,-4.235242681809227028e-01,8.299829931660724913e-01
2.208060875855995253e-02,-5.276732773688500716e-02,1.118991033128561963e+00,-2.592840801386303795e+00
2.306546980676594388e-02,-5.234836060763146254e-02,-1.059849803726031325e+00,2.532875250301669823e+00
2.597998966553118766e-02,-6.030352157574402072e-02,1.193698776646439530e+00,-2.840353185280434012e+00
3.446926863170880762e-02,-8.107564923395876866e-02,-7.568954966792955652e-01,1.712075673737309955e+00
3.074320177416767913e-02,-7.265443355428859162e-02,1.539512731002576684e+00,-3.579084086072719995e+00
4.614307710837529941e-02,-1.055333255996564606e-01,-7.568872162917266166e-01,1.835968357347113056e+00
1.151374449734421379e-02,-2.633977480169433227e-02,-9.762906902199874892e-01,2.139047701622249775e+00
2.050492010742977281e-02,-4.755985800576282424e-02,1.016914223433275755e+00,-2.355510636718873396e+00
2.182823094081158891e-02,-4.811629702983036966e-02,-9.420209193426598571e-01,2.255528807244200351e+00
1.719707819914817470e-02,-3.830101295685263418e-02,7.022668102688376379e-01,-1.698638695567843637e+00
1.651485313392757337e-02,-3.827841386000283008e-02,-7.292290436275303822e-01,1.644001698105720166e+00
1.799066124877640727e-02,-4.580504966573001324e-02,7.947494024304059268e-01,-1.958744004604632716e+00
1.884970313836584893e-02,-4.383341205471934926e-02,9.358671374217291117e-01,-2.166655785842714010e+00
1.768110387860389460e-02,-3.870269954735088697e-02,-9.860334919061181091e-01,2.354367913058705852e+00
3.435626677765533238e-02,-7.875183360440722591e-02,1.805249202559020549e+00,-4.250201609204866671e+00
5.376174549306826644e-02,-1.231843113472169959e-01,-8.166966141713130067e-01,1.898033891831206077e+00
2.964897916487115731e-02,-6.962625827278914881e-02,1.481939118642171316e+00,-3.443278926494639514e+00
4.376061829445875712e-02,-9.949988405304574512e-02,-7.643161601229722102e-01,1.854282734112483455e+00
1.465981098070094635e-02,-3.283399937050063278e-02,-6.933166843207494434e-01,1.501431090572666882e+00
2.701552220126006432e-02,-6.323521697786033124e-02,1.348575538169940469e+00,-3.132096608164268492e+00
3.442238336802966314e-02,-7.764106061472227094e-02,-9.665453662368270749e-01,2.318950274156204916e+00
9.590644462508332579e-03,-2.102563584733610491e-02,-2.804254621972027683e-01,5.552448573405379673e-01
1.867124556566328308e-02,-4.669182903301302701e-02,7.294124752845738691e-01,-1.802329676909099065e+00
1.779779231481390389e-02,-4.094965987780882499e-02,8.701946090663175148e-01,-2.019723735998943948e+00
2.169878956129325104e-02,-4.805667066342819704e-02,-6.682005699264798038e-01,1.606470616766365600e+00
1.371707367337510197e-02,-3.014391510834531218e-02,2.642643475690114596e-01,-6.707021636591061764e-01
2.566881053204517205e-03,-6.291520064957256686e-03,-8.176540930333936474e-01,1.829644686214175531e+00
4.526786949548757683e-02,-1.101755807656195768e-01,2.927407458250977701e+00,-6.864862043227647703e+00
3.050812583660285696e-02,-7.156565553418815784e-02,1.522874092919230593e+00,-3.530734761247135367e+00
4.070536318541895932e-02,-9.190347660234110538e-02,-9.998627486073979886e-01,2.410241326743292056e+00
8.553060537767526172e-03,-1.816602280325221863e-02,-6.125160543316067185e-01,1.314653702285293324e+00
3.099295124590911721e-02,-7.547464368982323424e-02,1.720283520924791754e+00,-4.085928518640252527e+00
2.844751883697415468e-02,-6.725564727182634095e-02,1.435115110355650980e+00,-3.328372062734819892e+00
3.926067047108582064e-02,-8.924497542970069586e-02,-8.825474315665602365e-01,2.133997719117619596e+00
2.837595731831579760e-03,-5.431670812803185422e-03,-9.416524840203186475e-01,2.080588700606463171e+00
5.130653560548152636e-02,-1.234155588818506566e-01,3.331620178281323952e+00,-7.779735647021551515e+00
2.005280192394175848e-02,-4.774083378207992501e-02,1.016505129885223235e+00,-2.364160416611825966e+00
2.842853220401676817e-02,-6.519578589663339863e-02,-5.899708100811702494e-01,1.427543222239221699e+00
1.768101378808234481e-02,-4.076592816063788483e-02,4.869330232636365219e-02,-1.742068596453020257e-01
8.170160408970485177e-03,-2.180726379904360246e-02,-5.219666858970762879e-01,1.105048800573195322e+00
2.639633841355738808e-02,-6.922233889800297191e-02,1.421726843878551971e+00,-3.398497590553893666e+00
2.857238183023953076e-02,-6.719503393576287120e-02,1.433894824776624777e+00,-3.332476860817439768e+00
4.130201919942293881e-02,-9.396165453812445334e-02,-7.856647402198998487e-01,1.901011982491047858e+00
6.935209917724047268e-03,-1.514991760785711072e-02,-9.349261983917275254e-01,2.057996884631809742e+00
3.563193209703476028e-02,-8.747005167278962268e-02,2.348279878408026988e+00,-5.534617410827664230e+00
2.993919919335255586e-02,-7.048249051416352606e-02,1.494104269855829781e+00,-3.477077916891690545e+00
4.285359582587121297e-02,-9.780604455497474148e-02,-8.356047958061133540e-01,2.011348263105073642e+00
1.949468910127047372e-02,-4.480233943010511477e-02,-3.369175506727563052e-01,6.754731728843141880e-01
2.408824075880133114e-02,-5.592881183921710742e-02,1.194400025024202394e+00,-2.783495772670033563e+00
2.953688215879276061e-02,-6.646421198800719909e-02,-9.115065740378012205e-01,2.173339178279792172e+00
1.452007240954345663e-02,-3.295975204838533235e-02,1.541769394102359692e-01,-4.464060755190280005e-01
1.913523830793188718e-02,-4.733083035656271420e-02,7.710226782599693962e-02,-2.773961408871326029e-01
2.492436863758269033e-02,-5.919970606378957556e-02,1.252407093806950478e+00,-2.908881519765403656e+00
3.616403430588236573e-02,-8.275098632246047359e-02,-6.806458401185389029e-01,1.652142579701919356e+00
6.447912468319730306e-03,-1.433942868904850010e-02,-8.069034469991931413e-01,1.783424586881189322e+00
3.725986809152320722e-02,-9.093971205408327152e-02,2.327251957676847560e+00,-5.482400164234854323e+00
1.832288438079505977e-02,-4.222378933981746352e-02,9.066978479856717676e-01,-2.106590051449200196e+00
1.639108122950170762e-02,-3.568369881348103928e-02,-9.950795308899417213e-01,2.365541880105743289e+00
3.650990516129391100e-02,-8.407791296075396714e-02,1.985057991595930549e+00,-4.670507057329749578e+00
6.502754990424131076e-02,-1.493671299143153330e-01,-5.413059565878108881e-01,1.275280000602348363e+00
1.487645363814214285e-02,-3.602759443622260971e-02,7.604029864320457355e-01,-1.767665973020438930e+00
1.056193932852868625e-02,-2.426877159662456374e-02,-9.689810969501848614e-01,2.295772377781985618e+00
3.677662173166582060e-02,-8.712256891766113898e-02,2.263037203096621930e+00,-5.318251067181661185e+00
6.550896629756985945e-02,-1.522955398116039860e-01,-8.045090733899586954e-01,1.901965793312985653e+00
2.434289446991768496e-02,-5.797973768191088534e-02,1.228751265500988232e+00,-2.847901302010587887e+00
3.576611530585482174e-02,-8.174783155026704717e-02,-6.483149532029268691e-01,1.583419069255571188e+00
1.251734864382798851e-02,-2.796974688132336517e-02,-5.163604179279883688e-01,1.125299101819424941e+00
2.303870161962849605e-02,-5.671259503536835167e-02,1.034009243675479306e+00,-2.502671845003471063e+00
2.394304398583557703e-02,-5.583972787051365988e-02,1.187280625797636935e+00,-2.759501266336335412e+00
2.883877836509174744e-02,-6.477456598372888230e-02,-9.322288469202568706e-01,2.230160052559894357e+00
4.755208023273532758e-03,-9.929695746562314240e-03,-2.768936755065618538e-01,5.525929571782541849e-01
1.937673939256378403e-02,-4.822546278643002893e-02,1.001951073311114104e+00,-2.423833423703801060e+00
2.298091076324204618e-02,-5.935159214682980688e-02,-8.108738889102740099e-01,1.787950076354976936e+00
2.269989389330550819e-02,-5.258019991034644514e-02,1.122625630726920898e+00,-2.610687076215259861e+00
2.998754298167468843e-02,-6.727897619483010072e-02,-7.491288897653474166e-01,1.801696852633065005e+00
2.672898111539430410e-03,-4.619564665141392967e-03,-6.193776571518803120e-01,1.354143095978821876e+00
4.128659415764394935e-02,-9.903870441784271006e-02,2.529881001984637390e+00,-5.946601237400505724e+00
2.358818572845990114e-02,-5.434999256164298187e-02,1.164054926324736172e+00,-2.696923277204718250e+00
3.578630605782368024e-02,-8.001541125668573673e-02,-5.458152404084474218e-01,1.344305690670773767e+00
2.023211033663754876e-02,-4.383318332581639942e-02,-2.344031132916731819e-01,4.866577097393768314e-01
8.963288293283758201e-03,-2.136484611631234154e-02,-3.292550447028391725e-01,6.392260763890200703e-01
1.643603231080163762e-02,-4.431610017101292320e-02,6.976303178141741723e-01,-1.749066074368841761e+00
3.108350590743778896e-02,-7.141277792909304922e-02,1.528757244157104456e+00,-3.548002588727579010e+00
5.180966332996604640e-02,-1.164271027103394029e-01,-4.818208837163269198e-01,1.209840614377057477e+00
2.956519310103637721e-02,-6.493888137272499361e-02,-6.303370744995302477e-01,1.370289564922315462e+00
3.011401983367636981e-02,-7.166768460126957119e-02,1.518322618014271930e+00,-3.527104984281641542e+00
4.200282031211925726e-02,-9.627937565579006152e-02,-9.108047908414959037e-01,2.194301913853359487e+00
1.413110007699411308e-02,-3.268398246473605551e-02,-4.873150188899174617e-01,1.021952990103552006e+00
3.051136927147177907e-02,-7.184103409890812975e-02,1.523706288854867585e+00,-3.533045828590617443e+00
5.122780437229114414e-02,-1.167235635145809497e-01,-4.773899101511593912e-01,1.202224160502124661e+00
2.335031968187499529e-02,-5.218637521025856763e-02,-9.152086769705349845e-01,2.021846992464471082e+00
2.137404112156472344e-02,-4.902793751855991089e-02,1.047506151955017506e+00,-2.425102553984604725e+00
3.181360782950096860e-02,-7.078348907667662837e-02,-5.180881522559291907e-01,1.274905132770564054e+00
2.453000799908233720e-03,-2.409412812590494557e-03,-9.501994974484255785e-01,2.146650830087891038e+00
3.464179117887591919e-02,-8.210353175627145561e-02,2.540394065142676627e+00,-5.998204523619264705e+00
7.469126914736326506e-02,-1.747378041807945426e-01,-5.149487383316677658e-01,1.199727911692998195e+00
9.074937785825137535e-03,-2.089344816478089922e-02,4.472916959502983292e-01,-1.032036360869480252e+00
-6.781605297631323678e-04,3.266128398717801917e-03,-9.298645024144478466e-01,2.196731030467636625e+00
3.738275568487759576e-02,-8.734195302930125582e-02,2.816606062832620161e+00,-6.603185935330174061e+00
7.597675485982671728e-02,-1.733204428588443757e-01,-8.642108819694094279e-01,2.128140467288339721e+00
1.620398507825345641e-02,-3.808170535153047875e-02,8.022252042474437017e-01,-1.865172177129267084e+00
1.616382611877218226e-02,-3.625603862229954955e-02,-7.972814702932764508e-01,1.898553021235644511e+00
1.390850327081204901e-02,-3.220297183654373396e-02,6.775646429014845484e-01,-1.638967703093513251e+00
1.541015356098054956e-02,-3.700129907947594110e-02,-5.962658903784989750e-01,1.349362280461737562e+00
1.441247047009881072e-02,-3.812125171935704104e-02,5.404687893495152551e-01,-1.359779943229475485e+00
1.095575113290604696e-02,-3.400330834051698559e-02,-7.068414605872374024e-01,1.516838412452173213e+00
1.271071135510945527e-02,-2.992600438458119239e-02,6.314775582654417185e-01,-1.472337294236484739e+00
1.095542626305728157e-02,-2.460259373972655678e-02,-7.136192324436464451e-01,1.691217267592507678e+00
3.911377085383527935e-02,-9.167263891082830241e-02,2.106686846102778787e+00,-4.940299692794657638e+00
6.558762527705574996e-02,-1.515321152735136789e-01,-7.622348027146415017e-01,1.798972112398620204e+00
2.739165966110970740e-02,-6.441895856256513175e-02,1.376692181396037329e+00,-3.203138435196662304e+00
4.324449446568418703e-02,-9.872007276944622101e-02,-5.736953455271422975e-01,1.404592505908739852e+00
1.777408909045871677e-02,-4.028175715084630903e-02,-7.007503341487970605e-01,1.527990875070192933e+00
2.496027162901248535e-03,-5.169528160374365321e-03,1.121184593985538602e-01,-2.617219856558442026e-01
2.646305906149095180e-02,-6.109763297425480078e-02,1.082888402005501627e+00,-2.510242461904595324e+00
3.202884959202341453e-02,-7.179405456294421506e-02,-7.950948359266174492e-01,1.900223437470057286e+00
8.265403000931412225e-03,-1.791244808445380254e-02,-3.968904940755774713e-01,8.249303251395371239e-01
1.635586582458187915e-02,-4.153204910790636584e-02,7.956476235749426751e-01,-1.963078195151973127e+00
2.240041107021463820e-02,-5.244093941909359902e-02,1.113945972992389066e+00,-2.592249673384818820e+00
4.102243727339732055e-02,-9.369839931898552021e-02,-1.763345897180517152e-01,4.730834339678855471e-01
2.560458123152085930e-02,-5.776151957710462526e-02,-5.927098592885589046e-01,1.314292530049525620e+00
2.468141574425510021e-02,-5.859201593519849927e-02,1.243180260446846486e+00,-2.893411547334781453e+00
3.879405579816461863e-02,-8.911457986649425067e-02,-5.283723711574352944e-01,1.292579738717599236e+00
2.228620565772133910e-02,-5.129407673226446529e-02,-2.992412223238288815e-01,6.179873255832308843e-01
2.186001216156983895e-02,-5.104642188003813419e-02,1.078728879508485727e+00,-2.510368710135110870e+00
3.181322598338763574e-02,-7.214146403837920496e-02,-5.728932648873673594e-01,1.388639978944826270e+00
1.069541184388751037e-02,-2.367885270767763894e-02,-4.848775520987230747e-01,1.051084549845708871e+00
1.843122721627060007e-02,-4.598087596186037351e-02,8.648856753444245093e-01,-2.116019154960084858e+00
2.041236946341752623e-02,-5.423472191124689701e-02,-7.561270543075898631e-01,1.632573904599502912e+00
1.941368799823888977e-02,-4.497908541101289931e-02,9.614214506835435659e-01,-2.232713247305589732e+00
1.461703946127611460e-02,-3.158833582507647453e-02,-1.192108523458607738e+00,2.826583479744115390e+00
3.507387253589951126e-02,-8.117796537104046695e-02,2.197203371981794717e+00,-5.176558373705072214e+00
6.388572327699179598e-02,-1.471236130414360077e-01,-7.357098687627801059e-01,1.728371329060060635e+00
2.329091932485492442e-02,-5.355943868439247413e-02,1.141269784306068624e+00,-2.657208227535324152e+00
3.743767664810485757e-02,-8.437562012249751053e-02,-4.259597055885999684e-01,1.050440981489875858e+00
9.302847051072343776e-03,-1.946474618191076922e-02,-9.800483760919811438e-01,2.191472610675247346e+00
4.910287054131724782e-02,-1.167012300959469062e-01,2.939837051596514428e+00,-6.870010840122542817e+00
2.571108100210715841e-02,-6.032150046856328551e-02,1.283298550375934211e+00,-2.982951708898454068e+00
3.296838078911738801e-02,-7.461078449837521553e-02,-9.094275789394127285e-01,2.180730107594224698e+00
1.875234455489131757e-02,-4.262181570226614147e-02,1.917737580120629781e-01,-5.274541106194727824e-01
1.647948162914128489e-02,-4.101693958091706671e-02,-3.028122190595170515e-01,5.883371449542398324e-01
2.047450480152239460e-02,-4.718656600741421431e-02,1.000642976390557104e+00,-2.325514017413631507e+00
1.458868806521885358e-02,-3.125528915952026365e-02,-1.285184509170840483e+00,3.041816501273754803e+00
3.151719258467994278e-02,-7.287793437172894462e-02,2.114225833807175547e+00,-4.993571699196934333e+00
5.995932563207116706e-02,-1.383353857574100010e-01,-6.729919491769333906e-01,1.580179231323330047e+00
1.380205787963233524e-02,-3.153427912043786641e-02,6.715200818648127123e-01,-1.557918207547393852e+00
8.951033956930261326e-03,-1.856512091854610122e-02,-9.077210675190163780e-01,2.152742275002037076e+00
4.555591689230009678e-02,-1.055453199951911503e-01,2.718430846421915348e+00,-6.366321182324522709e+00
8.404357320964588041e-02,-1.921511343536831395e-01,-7.681645908670076128e-01,1.849162788489877141e+00
2.845973851851714420e-02,-6.715898381601903555e-02,1.422759442797961071e+00,-3.305151940989033754e+00
3.435624557488983766e-02,-7.795938062016755099e-02,-1.114928246137185885e+00,2.663211381036202141e+00
8.774463338711263605e-03,-1.996449422224289005e-02,-1.710349541558149888e-01,2.911080139463717575e-01
1.328214277900102713e-02,-3.520452247629857201e-02,3.938001081687733662e-01,-1.033740557539233773e+00
3.422347668076251848e-02,-8.030725568419161409e-02,1.712703142147090629e+00,-3.970940551818323616e+00
5.457819742341571412e-02,-1.239513348444074292e-01,-6.818619131036143255e-01,1.684028060370017066e+00
2.988370775896219411e-02,-6.702305743487510514e-02,-5.548679591504888098e-01,1.182873098794989808e+00
1.538154745734832130e-02,-3.533514585389250368e-02,7.484225165123764567e-01,-1.746971091453109581e+00
1.392172407010489402e-02,-3.057797761067239384e-02,-8.146961623122359608e-01,1.928934592815519045e+00
1.313354611087759471e-02,-3.029267449901687503e-02,7.680070915729464431e-01,-1.854927621497007184e+00
2.341145864665580834e-02,-5.543871556076812590e-02,-2.487285434898260372e-01,5.534057157805272187e-01
-6.362074632249095640e-03,1.086265499643659926e-02,-1.238254225558345745e+00,2.745802898137179149e+00
1.391725943855022518e-02,-4.358612416656246213e-02,2.236456135667932443e+00,-5.346510097802982031e+00
3.537488798723929795e-02,-9.598197955819900984e-02,-1.140942983124779708e+00,2.563632566534718826e+00
3.313951952307611637e-02,-7.717657252722856520e-02,1.643009269523423299e+00,-3.815641085855466130e+00
5.503017244172504763e-02,-1.248045077495726629e-01,-5.365285884443440345e-01,1.337693430366774017e+00
2.896617782477226011e-02,-6.785041517619438967e-02,1.446943556603570880e+00,-3.366253604111568709e+00
3.942285374094130906e-02,-8.945404501494899629e-02,-9.115216114976831818e-01,2.187638054621699801e+00
1.680403081273790233e-03,-3.227341113639065062e-03,-9.789916111442993341e-01,2.149257909160981583e+00
4.649322055832201539e-02,-1.132021023251538472e-01,3.188499543552145266e+00,-7.458228232569090288e+00
3.104011227351896607e-02,-7.258965239844392126e-02,1.546654695196109097e+00,-3.593641077595241651e+00
4.254210785655932608e-02,-9.627268528643964651e-02,-9.580059259065920596e-01,2.304054197820162742e+00
7.615279831868798643e-03,-1.649488309977148459e-02,-7.924260157496200163e-01,1.716933772081181475e+00
2.473791315168206995e-02,-6.223665314769347146e-02,1.634821524030849016e+00,-3.908647332307198852e+00
3.153526956341543008e-02,-7.376243449976736810e-02,1.571564345486099246e+00,-3.654190476126849330e+00
4.243312216609915200e-02,-9.612314415294842540e-02,-1.012491903333071708e+00,2.426824064817452609e+00
9.156800004076801058e-03,-2.041008912133479569e-02,-6.562829281408566473e-01,1.397497005130577286e+00
4.299197944723669174e-02,-1.041451988205852885e-01,2.325085498493439484e+00,-5.446073390872460784e+00
3.146049953540235034e-02,-7.305490896973386439e-02,1.548551547573869147e+00,-3.591470530526478910e+00
4.445436047385880468e-02,-9.992732562026632182e-02,-8.859031070359720816e-01,2.145707132171659204e+00
1.253669427745734977e-02,-2.666864570366472842e-02,-7.135230687303486530e-01,1.546392711162309919e+00
4.125689594825100726e-02,-9.831719825694759662e-02,2.128494718147914799e+00,-4.999342415900873249e+00
3.371223840768133168e-02,-7.860454693837483353e-02,1.665929768787859810e+00,-3.869591678355999598e+00
4.584130221860625853e-02,-1.035235487958562628e-01,-1.044333312556839477e+00,2.507583481769754208e+00
9.367959095485739462e-03,-2.042271138280396525e-02,-7.842492249295942575e-01,1.685448369144154857e+00
3.286666488461054830e-02,-7.755378819526688450e-02,1.645815302796032054e+00,-3.826344794767890356e+00
5.159648699738391547e-02,-1.180188594058056151e-01,-6.960966603453366819e-01,1.699373633566934494e+00
2.460714118559618330e-02,-5.808474780228652795e-02,1.227475547884222307e+00,-2.855775189281426485e+00
3.540640643526543618e-02,-8.086384421049944149e-02,-6.777884193811288815e-01,1.638490692119520364e+00
1.187722193377276081e-02,-2.701924295555457878e-02,-5.012658334758517409e-01,1.075854972809366039e+00
1.337567941935421945e-02,-3.536810358634775997e-02,5.708036672275456080e-01,-1.452209089493354366e+00
9.058669115863140359e-03,-2.156925697676145837e-02,4.537640741598604754e-01,-1.060345842321160914e+00
3.075387944418455505e-03,-6.767121991416786414e-03,-7.482831792659991876e-01,1.761020105388676260e+00
3.432869831568770291e-02,-8.147647825278292455e-02,2.296917308088256782e+00,-5.392333503857767774e+00
7.122752099756035626e-02,-1.647315843190229057e-01,-4.353833749381876839e-01,1.097079207628402386e+00
2.248534110913091161e-02,-5.341687361397069733e-02,1.132242398076124479e+00,-2.632951540626014886e+00
3.362637533079701480e-02,-7.710341744782187035e-02,-5.667101111381600553e-01,1.379142044435636816e+00
9.618222358126649052e-03,-2.183810078364831209e-02,-6.350554666483134714e-01,1.396674853464762389e+00
3.237524213867012945e-02,-7.917112580558419155e-02,1.758354465770048725e+00,-4.166643599827061450e+00
3.439447603417994381e-02,-8.069482262385364868e-02,1.711722028971865317e+00,-3.976673609624483685e+00
6.477128828680912831e-02,-1.479916246989899098e-01,-1.831455775903030325e-01,5.262759476889442567e-01
2.616891718410267048e-02,-6.169705304182501737e-02,1.307213111981198939e+00,-3.038162657933316968e+00
4.665008182255617891e-02,-1.067799550639346173e-01,-2.750274934137808547e-01,7.149606510272432658e-01
2.054499723237193654e-02,-4.630043059575533748e-02,-1.027133975553271572e+00,2.291952584173005292e+00
1.966242873426298984e-02,-4.649190187715672440e-02,9.902297217558729825e-01,-2.298017774726839324e+00
2.984046394024964313e-02,-6.800240488077775869e-02,-4.743059177544561855e-01,1.163699745237952721e+00
4.919679025560681762e-03,-1.016501654661314258e-02,-7.721304586053452379e-01,1.732627842581388578e+00
3.532689783042476661e-02,-8.524085613817773688e-02,2.274814130309731564e+00,-5.367255780435271184e+00
3.101605366929715071e-02,-7.320301050944849619e-02,1.555574883949939480e+00,-3.610695584125561908e+00
3.565238911902005037e-02,-8.070366875939431750e-02,-1.308876893127266072e+00,3.120414343234454879e+00
5.817274035933170384e-03,-1.308609795299436884e-02,-1.911689075017162509e-01,3.255031711984462950e-01
2.526898725838182258e-02,-6.318981349494492972e-02,1.156307741957828927e+00,-2.781633261884612462e+00
1.774371213606491110e-02,-4.084086223404766181e-02,8.718019941467438638e-01,-2.026919840547573681e+00
2.412374847511279327e-02,-5.388141641823662037e-02,-5.462111436946197607e-01,1.319892695838081220e+00
1.249613299445942460e-02,-2.733563965682174468e-02,-3.827590882235992753e-02,3.363842805844841077e-02
4.721914822793771283e-03,-1.202305978920285845e-02,-3.494621104173890602e-01,7.244252227465104443e-01
3.035445726435015423e-02,-7.585032972822552955e-02,1.619847175811204743e+00,-3.841433603927396412e+00
3.479168659614075704e-02,-8.210499882427074736e-02,1.739534093964596684e+00,-4.040841161631684386e+00
5.853357211753763834e-02,-1.339291544466800210e-01,-5.396305917600932034e-01,1.346881300294933581e+00
6.486983364537140043e-03,-1.615115663334137919e-02,3.391775667356009549e-01,-7.910188744274749828e-01
-2.582998736530874029e-04,3.071434256768264259e-04,-6.726665538730726146e-01,1.581794422022059665e+00
3.725191286423162884e-02,-8.889318763048255356e-02,2.533749977663744435e+00,-5.935275300614642369e+00
6.740481842412582303e-02,-1.557663152868891954e-01,-1.003111769995869595e+00,2.420475594571095623e+00
2.323871603994479007e-02,-5.370148099106413636e-02,1.143700315020387492e+00,-2.665120364171296163e+00
3.364627091147869009e-02,-7.588326474325599036e-02,-6.144307072294663552e-01,1.483957266667888852e+00
9.042016863070941046e-03,-1.957051490960909357e-02,-6.175898411583524705e-01,1.347422061260469039e+00
4.222845401343596622e-02,-1.011173896293189045e-01,2.256664289404663126e+00,-5.299282680929993106e+00
2.296965098489284901e-02,-5.346931843629423864e-02,1.139920922139137316e+00,-2.642633174091004289e+00
2.865943401173386834e-02,-6.405213334110533563e-02,-8.460501275424542333e-01,2.036796259029838740e+00
6.759905992517405149e-03,-1.379855241647244546e-02,-2.532747108052408880e-01,5.121429778666617416e-01
2.159117600141428200e-02,-5.208322764907344360e-02,9.888789354241783736e-01,-2.383719401869636823e+00
2.895954073550842389e-02,-7.151889414677969903e-02,-6.104491203867408178e-01,1.338655480390084085e+00
9.601214000348167951e-03,-2.175056248833975858e-02,4.675097349006073766e-01,-1.080297578535821312e+00
6.683420014451761648e-03,-1.360810721832688905e-02,-6.091397498395603183e-01,1.451046635256161732e+00
4.204701643740901829e-02,-9.712565378648845005e-02,2.362859402916118512e+00,-5.523845591426044699e+00
7.737505194991846358e-02,-1.761097300412454714e-01,-5.772851500834448313e-01,1.427764155537618596e+00
2.710571881130215827e-02,-6.361568568075749719e-02,1.351783528662269251e+00,-3.140186976474370173e+00
2.779674432046253668e-02,-6.237429945927744357e-02,-1.304327533126812710e+00,3.100230573103408549e+00
1.616798234777407084e-02,-3.712802717110036399e-02,7.117094635068631492e-01,-1.750304645292853456e+00
1.125712006495029061e-02,-2.880254048579999893e-02,-9.490706505547464866e-01,2.103524024982684537e+00
3.651009240401772993e-02,-9.258548216511947038e-02,2.189592071327411738e+00,-5.152102352795573381e+00
2.129875402085384256e-02,-5.066022521203651652e-02,1.079829709319421127e+00,-2.511334906520735988e+00
2.984561085441113717e-02,-6.838966205378176066e-02,-6.440829894087911622e-01,1.556068614573517639e+00
1.193648246970454435e-02,-2.740519068843826067e-02,-2.544805080066615544e-01,5.193529271865418018e-01
1.613434054717209631e-02,-4.097594267321863493e-02,4.608591254930576864e-01,-1.171747801816893642e+00
5.026344851517816625e-03,-1.940704722212985289e-02,-1.009490928302783974e+00,2.198407072038480514e+00
1.593269316840099231e-02,-3.829191727846083249e-02,8.075618404155625596e-01,-1.875708148828558519e+00
2.040560404098940364e-02,-4.693696432412453740e-02,-5.776482595573566581e-01,1.390970889329241622e+00
1.061376170345671582e-02,-2.472291071295340537e-02,8.441695805265536645e-02,-2.496194480494378087e-01
9.269262073280215564e-03,-2.390676781520317817e-02,-1.506148562128551416e-01,2.821233572073615914e-01
7.517634359885741469e-03,-2.328256674999762410e-02,6.198334967143417917e-02,-2.423861001848133245e-01
4.696833460475835498e-03,-2.088934002588849204e-02,-2.018715637188480683e-01,3.529147565895171534e-01
2.880993803747179671e-02,-8.156759732940421781e-02,1.396982261223221000e+00,-3.321854912577884011e+00
2.632262153963118093e-02,-6.085145361849255558e-02,1.292187877441355770e+00,-3.001262303398334108e+00
2.415246622414675415e-02,-5.300752396995175170e-02,-1.388151347137073000e+00,3.293360984222476695e+00
5.325896290964428348e-02,-1.224910532555683884e-01,2.813506355991089336e+00,-6.575970393962563776e+00
2.720789564118191242e-02,-6.443548866396958674e-02,1.364358473023732143e+00,-3.175717614928411425e+00
3.524190738772557674e-02,-8.060553780543167068e-02,-9.505693622106385909e-01,2.272443159160863146e+00
9.885492024053144089e-03,-2.313719156604315819e-02,-3.225398808643989423e-01,6.431094452041403731e-01
2.661254847670324608e-02,-6.675919583831238513e-02,1.150265175010721785e+00,-2.767097981279503571e+00
2.817279906390706551e-02,-6.615349310855508924e-02,1.407380507359479394e+00,-3.276816458539351995e+00
2.865797270617628095e-02,-6.469364270078656332e-02,-1.369142285850637464e+00,3.241142900959821382e+00
3.093676812596461712e-02,-7.205946276338201506e-02,1.465822240393150011e+00,-3.485967431846080267e+00
8.221107681123510091e-03,-1.895231703035235235e-02,4.033834669383065674e-01,-9.403461210006707205e-01
5.571890641459259323e-03,-1.194656871674785320e-02,-5.321254165233340050e-01,1.258944923024344575e+00
3.760138645221074855e-02,-8.788372054985979509e-02,2.121039238485129097e+00,-4.965183455144610569e+00
7.685983869056729756e-02,-1.764150043201112572e-01,-1.454856541259723635e-01,4.298644389752626083e-01
9.177490480577771975e-04,-1.922042845463811482e-03,3.989797321975202538e-02,-9.138676588652341892e-02
3.227598586602237196e-02,-7.523532042776463757e-02,1.522465405614162659e+00,-3.533771309100486313e+00
4.494601125099061817e-02,-1.016377618919701853e-01,-8.757523803654956307e-01,2.111164693657813451e+00
1.105278071911709736e-02,-2.429521693500508173e-02,-8.221816865934652441e-01,1.782439429101156492e+00
1.878353480638347839e-02,-4.296137950199663269e-02,9.199581021053484520e-01,-2.140660762974007980e+00
6.434421505775517885e-03,-1.216228509933500040e-02,-1.527696921566265686e+00,3.599413062540049779e+00
3.510495649879414454e-02,-8.204586039776182171e-02,2.939132097650401398e+00,-6.929317550960995220e+00
8.210526826831934799e-02,-1.891087886980649113e-01,-5.660156689180189105e-01,1.397550137297468353e+00
3.037234301978712636e-02,-7.202048690735257663e-02,1.527582085057683337e+00,-3.543307547987482486e+00
4.583286893717530841e-02,-1.047016604383032845e-01,-7.424760020180147801e-01,1.812902924624859580e+00
6.112148525361058016e-03,-1.325647863206305677e-02,-1.244588590214283252e+00,2.768295314856661804e+00
2.993163625940593875e-02,-7.504731782096035753e-02,2.413482085040667524e+00,-5.707681151946442100e+00
4.228639075264573055e-02,-9.926541384255396783e-02,2.118459717095293460e+00,-4.913775738968410245e+00
6.208763001139368937e-02,-1.410424229695696197e-01,-1.108451665728679814e+00,2.676457581909355898e+00
4.848958341299889480e-02,-1.140922996184489668e-01,2.429799898758044474e+00,-5.644523633727014378e+00
8.622706167993492155e-02,-1.973611361765288674e-01,-5.244420073664444182e-01,1.335138667695229486e+00
2.073450355938015466e-02,-4.804285039302346599e-02,1.023099357443927104e+00,-2.367989520461260433e+00
2.921739433146245540e-02,-6.526062218283132377e-02,-5.913937508325328718e-01,1.443899525857357036e+00
8.205354372622153392e-03,-1.645622229163699879e-02,-4.612216795407928505e-01,1.014153278203802966e+00
1.847625687637952790e-02,-4.403067993367877631e-02,9.680945029694824067e-01,-2.342363460226602356e+00
8.852909298682765105e-03,-2.431017495249143678e-02,-1.437609761263679564e+00,3.238850051182088130e+00
3.989887774733179293e-02,-1.021337589821930680e-01,2.957957760338239872e+00,-6.927977912714319508e+00
9.751153668749196896e-03,-2.265730913347858977e-02,4.883925268202605197e-01,-1.135097414565658269e+00
7.752954621551338445e-03,-1.687069377454651284e-02,-5.839663440535587391e-01,1.387520048759011138e+00
4.773353658922074860e-02,-1.112751364065929227e-01,2.565859170669511968e+00,-5.992178135662943106e+00
1.008281213788407710e-01,-2.308149848418207806e-01,1.001513990122333553e-01,-1.001345872598164988e-01
3.277527280351062028e-02,-7.610786212872036605e-02,1.614969296517791086e+00,-3.756405991920790832e+00
4.779592780061286961e-02,-1.080734106463724364e-01,-8.500171155362847841e-01,2.050609508084219712e+00
1.601329772930001893e-02,-3.574571015181174372e-02,-7.423325666116441512e-01,1.592558800517421380e+00
1.530098976244725038e-02,-3.594622145115630718e-02,7.729979201977562608e-01,-1.794258476113937295e+00
2.623742582312486166e-02,-5.972621261014016830e-02,-2.214296723259949751e-01,5.642692513488856143e-01
1.302409570619365159e-02,-2.872376152504479974e-02,-4.389580512764943432e-01,9.852911627705465136e-01
1.753065633297977433e-02,-4.217271352140618268e-02,6.589507171114549200e-01,-1.616926039467071918e+00
1.715288683638289957e-02,-4.409724445590923469e-02,-6.706343723378628274e-01,1.466416796764637542e+00
3.132161627455536806e-02,-7.294148651341608725e-02,1.548565070449634096e+00,-3.599524077394653077e+00
4.560446867042894370e-02,-1.031734507711056931e-01,-8.214151788022587830e-01,1.986239224452618135e+00
1.288439283620705644e-02,-2.841465393272879503e-02,-8.173369005876550686e-01,1.774776966236557563e+00
1.368311688304117528e-02,-3.167160570370183836e-02,6.800631919613429055e-01,-1.582257952839799531e+00
1.639771634966917524e-02,-3.657353174566724263e-02,-5.389783078606733557e-01,1.291991724903789329e+00
3.166396056736509035e-02,-7.292461709835409978e-02,1.293087983334554547e+00,-3.042205056802789187e+00
4.266766745228219027e-02,-9.818909309770657012e-02,-7.297641258157916422e-01,1.683917036091125086e+00
3.338444167660752082e-02,-7.788352970527853691e-02,1.662046015904852680e+00,-3.852899604148135371e+00
6.512311484715790910e-02,-1.480886906083465626e-01,-6.697143757807277886e-02,2.663350821375662925e-01
2.521214833327510563e-02,-5.919992188094023999e-02,1.263387432038282521e+00,-2.942722692857991706e+00
3.068557044939180384e-02,-6.962535977382292018e-02,-9.784388742928393778e-01,2.332192733232962389e+00
1.073109711054637261e-02,-2.474422990868474503e-02,-2.557461289651047354e-02,-3.776524299215466840e-02
2.009894558247125873e-02,-5.064772032568523596e-02,4.913717251756338777e-01,-1.240398498074172240e+00
3.367428775741694580e-02,-7.896219500070883468e-02,1.689903111500684396e+00,-3.920144379308059701e+00
5.344980430982754216e-02,-1.213831975655739054e-01,-6.880910350265060371e-01,1.695190121661388716e+00
3.475539537050655048e-02,-7.826337874721814303e-02,-2.504680866781886506e-01,4.925496446253547767e-01
3.255627970153540662e-02,-7.713317986334093657e-02,1.633937468354830447e+00,-3.797431512627835293e+00
3.818740672593451402e-02,-8.707286331007899061e-02,-1.336225220152861271e+00,3.177608978582607158e+00
-3.173474109474674898e-03,6.810801350052020364e-03,-7.393204478047209482e-01,1.572472285213737830e+00
3.018683816272600684e-02,-7.718158907996805485e-02,2.389172328030649606e+00,-5.650824756261907389e+00
2.284544136820726434e-02,-5.292675817893876394e-02,1.120185519237911542e+00,-2.607287273264328409e+00
3.627596711292484927e-02,-8.208250858398477567e-02,-4.407620653122983345e-01,1.084209959156079206e+00
1.608949799582401474e-02,-3.558174495401891790e-02,-5.691126224966727154e-01,1.247851363831160576e+00
3.155684382304009550e-02,-7.571406381701162314e-02,1.330481592620340603e+00,-3.175055621452765209e+00
3.047344239455838238e-02,-7.206503965723744243e-02,1.532153907218180455e+00,-3.557868487801594704e+00
4.557559533742194108e-02,-1.040711393924815820e-01,-7.646541424516928309e-01,1.859523282618192441e+00
1.556980515024095069e-02,-3.526137045675412085e-02,-7.380255063992540165e-01,1.602170036617759585e+00
3.672132780719727929e-02,-8.622043638355389450e-02,1.832895665838229826e+00,-4.255967628105304712e+00
5.896314917630996605e-02,-1.343261935857465450e-01,-7.061387829962053608e-01,1.735975664044754563e+00
2.516134298944286418e-02,-5.861574892899115707e-02,1.248930693699213279e+00,-2.897737014169741165e+00
2.705791308726188810e-02,-6.020690212005785219e-02,-1.142791248443493446e+00,2.727233829472242022e+00
3.176655227767341549e-02,-7.245138562592572107e-02,1.363832740611501615e+00,-3.234644659306566084e+00
5.138387116545371780e-02,-1.189346439077002549e-01,-3.707295153338565630e-01,8.212240011077853730e-01
7.245364631835215022e-03,-1.678943714180449950e-02,3.617490181670754978e-01,-8.380047825407290762e-01
4.272865521860239740e-03,-8.893471009548188644e-03,-5.069801034453835786e-01,1.203794985991453181e+00
4.036291531818999440e-02,-9.412216502711900912e-02,2.298348800057946839e+00,-5.370900375276873362e+00
6.269602605232713066e-02,-1.430114373840757347e-01,-1.158372410890973647e+00,2.758491406823702974e+00
2.854546000769418376e-02,-6.584189983812729907e-02,1.406632827137872077e+00,-3.263587294067137101e+00
2.352910595395221044e-02,-5.097895412321339775e-02,-1.643300714099546589e+00,3.894150473210167718e+00
5.161639665317466208e-02,-1.184773188381966769e-01,3.015502602108662611e+00,-7.059669886904543112e+00
3.658975347794648364e-02,-8.637358769735428710e-02,1.827978099328765316e+00,-4.251974429882070972e+00
5.578322496259614793e-02,-1.277725207208136315e-01,-8.521486363412973386e-01,2.059630532963926175e+00
3.450067219456134926e-02,-8.188607567094541295e-02,1.734816115030175077e+00,-4.030107977559526766e+00
4.226511271934210723e-02,-9.657338732092385358e-02,-1.329379107297113061e+00,3.166078449230078640e+00
5.594312884562538390e-03,-1.353251943509137245e-02,-5.123080647641682361e-01,1.047431891579385654e+00
2.855682240808712913e-02,-7.274711253640772646e-02,1.647140486392890013e+00,-3.921408222689550804e+00
1.997589147126824574e-02,-4.716942883913663453e-02,9.978901818779006838e-01,-2.318331042026835043e+00
2.031273630850679440e-02,-4.576699317901054831e-02,-9.721879715621458695e-01,2.315793382411913903e+00
-1.212197269810935674e-03,3.052002169651568675e-03,-1.093741134601654841e-01,1.699292254855590267e-01
2.531344413360336887e-02,-6.231573255180448967e-02,1.428516040537027854e+00,-3.388978465499601356e+00
3.841218601018860090e-02,-9.329768259429149779e-02,-7.594605793965172325e-01,1.736922430358886826e+00
1.710229447476898160e-02,-3.995711489681209178e-02,8.579013956545420427e-01,-1.986226499375923771e+00
1.240658622953888859e-02,-2.675529949161899873e-02,-1.084691618810607938e+00,2.579249013726808037e+00
4.446232611608769841e-02,-1.030877135709630660e-01,2.666792776105937790e+00,-6.251741327263601988e+00
8.796982868674362022e-02,-2.015431833899287151e-01,-4.693870882081780938e-01,1.162167077268881243e+00
3.025939525803911928e-02,-7.051375630067734102e-02,1.501327718580411918e+00,-3.487758678939257173e+00
4.568511126719416310e-02,-1.033901165502674885e-01,-7.180990476485766827e-01,1.749070492065047500e+00
2.272805529838499428e-02,-5.078853206171199397e-02,-4.328725312782291113e-01,9.077463424586595941e-01
3.478486188021529674e-02,-8.095716362563311341e-02,1.729386776834106687e+00,-4.018789740383609477e+00
4.105793814780195339e-02,-9.221539397927518145e-02,-1.398347215670745936e+00,3.324838831808787809e+00
5.490144410239372608e-03,-1.182127646405095600e-02,-3.889899106462685885e-01,7.627052461086454294e-01
2.786159897743976932e-02,-6.951739690140920636e-02,1.496306858079406332e+00,-3.573963009351055042e+00
1.164289562666917001e-02,-2.627198389293011055e-02,5.608326991782294213e-01,-1.308808886484869927e+00
4.903712985723340800e-03,-9.448140939452169540e-03,-8.921124317310646923e-01,2.101939890442568348e+00
4.621541481880734464e-02,-1.078355347751849269e-01,2.937314941042461491e+00,-6.880396758356496889e+00
8.025712713013460897e-02,-1.840528741744821284e-01,-1.202801417834646447e+00,2.845429312103106234e+00
2.057651372707228199e-02,-4.823006301979069349e-02,1.017696114295728815e+00,-2.366509813548543395e+00
3.382755020504843446e-02,-7.706629756556056254e-02,-3.483765509953307138e-01,8.677525419052631861e-01
8.091365415015289164e-03,-1.738828937880207426e-02,-9.373595044266704868e-01,2.109568005217615116e+00
5.414259736292112435e-02,-1.287652834378328059e-01,3.206793468464700148e+00,-7.481315469413836183e+00
